{
  "gemma_cor": {
    "avg_processing_time": 32.602580252885815,
    "std_processing_time": 10.230998236376282,
    "avg_input_tokens": 850.18,
    "avg_output_tokens": 1330.315,
    "avg_total_tokens": 2180.495,
    "avg_num_steps": 4.0,
    "avg_tokens_per_step": 545.12375,
    "avg_time_per_token": 0.014909699493619859,
    "avg_efficiency_ratio": 41.445647986320544,
    "total_calls": 200,
    "total_processing_time": 6520.516050577164,
    "total_tokens": 436099,
    "cost_per_1k_tokens": 0.9056272292468283
  },
  "gemma_cor_ablation_normal": {
    "avg_processing_time": 32.21504538536072,
    "std_processing_time": 6.646308276106788,
    "avg_input_tokens": 850.18,
    "avg_output_tokens": 1330.315,
    "avg_total_tokens": 2180.495,
    "avg_num_steps": 4.0,
    "avg_tokens_per_step": 545.12375,
    "avg_time_per_token": 0.01470346914024063,
    "avg_efficiency_ratio": 41.546977782507064,
    "total_calls": 200,
    "total_processing_time": 6443.009077072144,
    "total_tokens": 436099,
    "cost_per_1k_tokens": 0.8948623718155755
  },
  "gemma_cor_ablation_without_body": {
    "avg_processing_time": 22.752675113677977,
    "std_processing_time": 9.837678236679222,
    "avg_input_tokens": 683.385,
    "avg_output_tokens": 917.105,
    "avg_total_tokens": 1600.49,
    "avg_num_steps": 3.0,
    "avg_tokens_per_step": 533.4966666666667,
    "avg_time_per_token": 0.014189206527985831,
    "avg_efficiency_ratio": 41.292846718884284,
    "total_calls": 200,
    "total_processing_time": 4550.535022735596,
    "total_tokens": 320098,
    "cost_per_1k_tokens": 0.6320187531577216
  },
  "gemma_cor_ablation_without_context": {
    "avg_processing_time": 19.345279471874235,
    "std_processing_time": 2.733969514821903,
    "avg_input_tokens": 690.385,
    "avg_output_tokens": 795.95,
    "avg_total_tokens": 1486.335,
    "avg_num_steps": 3.0,
    "avg_tokens_per_step": 495.445,
    "avg_time_per_token": 0.012956586083555415,
    "avg_efficiency_ratio": 41.07196725620104,
    "total_calls": 200,
    "total_processing_time": 3869.0558943748474,
    "total_tokens": 297267,
    "cost_per_1k_tokens": 0.5373688742187288
  },
  "gemma_cor_ablation_without_face": {
    "avg_processing_time": 20.27778856754303,
    "std_processing_time": 3.0955265187039163,
    "avg_input_tokens": 655.385,
    "avg_output_tokens": 829.33,
    "avg_total_tokens": 1484.715,
    "avg_num_steps": 3.0,
    "avg_tokens_per_step": 494.905,
    "avg_time_per_token": 0.01358881572490581,
    "avg_efficiency_ratio": 40.83619103656532,
    "total_calls": 200,
    "total_processing_time": 4055.557713508606,
    "total_tokens": 296943,
    "cost_per_1k_tokens": 0.563271904653973
  },
  "gemma_cot_multiturn_generic": {
    "avg_processing_time": 29.828470056056975,
    "std_processing_time": 4.299936700577233,
    "avg_input_tokens": 2736.515,
    "avg_output_tokens": 1138.87,
    "avg_total_tokens": 3875.385,
    "avg_num_steps": 4.0,
    "avg_tokens_per_step": 968.84625,
    "avg_time_per_token": 0.0077079944777319635,
    "avg_efficiency_ratio": 38.178948577075666,
    "total_calls": 200,
    "total_processing_time": 5965.694011211395,
    "total_tokens": 775077,
    "cost_per_1k_tokens": 0.8285686126682493
  },
  "gemma_cot_single": {
    "avg_processing_time": 7.911667120456696,
    "std_processing_time": 1.446576599836252,
    "avg_input_tokens": 126.795,
    "avg_output_tokens": 326.555,
    "avg_total_tokens": 453.35,
    "avg_num_steps": 1.0,
    "avg_tokens_per_step": 453.35,
    "avg_time_per_token": 0.01735946945172219,
    "avg_efficiency_ratio": 41.15673877753997,
    "total_calls": 200,
    "total_processing_time": 1582.333424091339,
    "total_tokens": 90670,
    "cost_per_1k_tokens": 0.2197685311237971
  },
  "gemma_direct": {
    "avg_processing_time": 2.5333809185028078,
    "std_processing_time": 0.7915322037926368,
    "avg_input_tokens": 113.795,
    "avg_output_tokens": 66.51,
    "avg_total_tokens": 180.305,
    "avg_num_steps": 1.0,
    "avg_tokens_per_step": 180.305,
    "avg_time_per_token": 0.013943761817371829,
    "avg_efficiency_ratio": 27.059223440660663,
    "total_calls": 200,
    "total_processing_time": 506.6761837005615,
    "total_tokens": 36061,
    "cost_per_1k_tokens": 0.07037169218063355
  }
}