{
  "qwen_cor": {
    "avg_processing_time": 3.7431133508682253,
    "std_processing_time": 0.5693404154424871,
    "avg_input_tokens": 1193.0,
    "avg_output_tokens": 947.625,
    "avg_total_tokens": 2140.625,
    "avg_num_steps": 4.0,
    "avg_tokens_per_step": 535.15625,
    "avg_time_per_token": 0.0017422021976670687,
    "avg_efficiency_ratio": 256.71688901447357,
    "total_calls": 200,
    "total_processing_time": 748.622670173645,
    "total_tokens": 428125,
    "cost_per_1k_tokens": 0.10397537085745069
  },
  "qwen_cor_ablation_without_face": {
    "avg_processing_time": 3.418331390619278,
    "std_processing_time": 0.5195214052211681,
    "avg_input_tokens": 908.0,
    "avg_output_tokens": 787.69,
    "avg_total_tokens": 1695.69,
    "avg_num_steps": 3.0,
    "avg_tokens_per_step": 565.23,
    "avg_time_per_token": 0.002007967177552303,
    "avg_efficiency_ratio": 233.45592101561454,
    "total_calls": 200,
    "total_processing_time": 683.6662781238556,
    "total_tokens": 339138,
    "cost_per_1k_tokens": 0.09495364973942438
  },
  "qwen_cot_multiturn_generic": {
    "avg_processing_time": 2.5951142263412477,
    "std_processing_time": 1.67219660774145,
    "avg_input_tokens": 1891.525,
    "avg_output_tokens": 1508.75,
    "avg_total_tokens": 3400.275,
    "avg_num_steps": 4.0,
    "avg_tokens_per_step": 850.06875,
    "avg_time_per_token": 0.0007471429487239948,
    "avg_efficiency_ratio": 588.5078473902284,
    "total_calls": 200,
    "total_processing_time": 519.0228452682495,
    "total_tokens": 680055,
    "cost_per_1k_tokens": 0.07208650628725688
  },
  "qwen_cot_single": {
    "avg_processing_time": 0.47869093298912047,
    "std_processing_time": 0.48093131322342364,
    "avg_input_tokens": 221.0,
    "avg_output_tokens": 108.055,
    "avg_total_tokens": 329.055,
    "avg_num_steps": 1.0,
    "avg_tokens_per_step": 329.055,
    "avg_time_per_token": 0.0012878005891035183,
    "avg_efficiency_ratio": 337.43164317874545,
    "total_calls": 200,
    "total_processing_time": 95.7381865978241,
    "total_tokens": 65811,
    "cost_per_1k_tokens": 0.013296970360808902
  },
  "qwen_direct": {
    "avg_processing_time": 0.1533253800868988,
    "std_processing_time": 0.04472233769658605,
    "avg_input_tokens": 208.0,
    "avg_output_tokens": 58.885,
    "avg_total_tokens": 266.885,
    "avg_num_steps": 1.0,
    "avg_tokens_per_step": 266.885,
    "avg_time_per_token": 0.0005717733558554109,
    "avg_efficiency_ratio": 421.9933907716989,
    "total_calls": 200,
    "total_processing_time": 30.66507601737976,
    "total_tokens": 53377,
    "cost_per_1k_tokens": 0.004259038335747189
  }
}