{
  "qwen2vl_direct": {
    "model_name": "qwen2vl",
    "method": "direct",
    "accuracy": 0.5164718384697131,
    "precision_macro": 0.5302070012855907,
    "recall_macro": 0.45911579022799803,
    "f1_macro": 0.41750411750634214,
    "precision_weighted": 0.5529376891982248,
    "recall_weighted": 0.5164718384697131,
    "f1_weighted": 0.4580220151839989,
    "per_class_metrics": {
      "joy": {
        "precision": 0.7585034013605442,
        "recall": 0.9449152542372882,
        "f1_score": 0.8415094339622642,
        "support": 236,
        "true_count": 236,
        "predicted_count": 294
      },
      "anger": {
        "precision": 0.5,
        "recall": 0.46218487394957986,
        "f1_score": 0.48034934497816595,
        "support": 119,
        "true_count": 119,
        "predicted_count": 110
      },
      "fear": {
        "precision": 0.06666666666666667,
        "recall": 0.008064516129032258,
        "f1_score": 0.014388489208633094,
        "support": 124,
        "true_count": 124,
        "predicted_count": 15
      },
      "sadness": {
        "precision": 0.327313769751693,
        "recall": 0.8841463414634146,
        "f1_score": 0.47775947281713343,
        "support": 164,
        "true_count": 164,
        "predicted_count": 443
      },
      "surprise": {
        "precision": 0.9111111111111111,
        "recall": 0.3360655737704918,
        "f1_score": 0.49101796407185627,
        "support": 122,
        "true_count": 122,
        "predicted_count": 45
      },
      "neutral": {
        "precision": 0.6176470588235294,
        "recall": 0.11931818181818182,
        "f1_score": 0.2,
        "support": 176,
        "true_count": 176,
        "predicted_count": 34
      }
    },
    "confusion_matrix": [
      [
        223,
        2,
        0,
        6,
        0,
        5
      ],
      [
        8,
        55,
        0,
        55,
        0,
        1
      ],
      [
        13,
        22,
        1,
        81,
        4,
        3
      ],
      [
        11,
        5,
        0,
        145,
        0,
        3
      ],
      [
        21,
        22,
        13,
        24,
        41,
        1
      ],
      [
        18,
        4,
        1,
        132,
        0,
        21
      ]
    ],
    "classification_report": {
      "joy": {
        "precision": 0.7585034013605442,
        "recall": 0.9449152542372882,
        "f1-score": 0.8415094339622642,
        "support": 236.0
      },
      "anger": {
        "precision": 0.5,
        "recall": 0.46218487394957986,
        "f1-score": 0.48034934497816595,
        "support": 119.0
      },
      "fear": {
        "precision": 0.06666666666666667,
        "recall": 0.008064516129032258,
        "f1-score": 0.014388489208633094,
        "support": 124.0
      },
      "sadness": {
        "precision": 0.327313769751693,
        "recall": 0.8841463414634146,
        "f1-score": 0.47775947281713343,
        "support": 164.0
      },
      "surprise": {
        "precision": 0.9111111111111111,
        "recall": 0.3360655737704918,
        "f1-score": 0.49101796407185627,
        "support": 122.0
      },
      "neutral": {
        "precision": 0.6176470588235294,
        "recall": 0.11931818181818182,
        "f1-score": 0.2,
        "support": 176.0
      },
      "accuracy": 0.5164718384697131,
      "macro avg": {
        "precision": 0.5302070012855907,
        "recall": 0.45911579022799803,
        "f1-score": 0.41750411750634214,
        "support": 941.0
      },
      "weighted avg": {
        "precision": 0.5529376891982248,
        "recall": 0.5164718384697131,
        "f1-score": 0.4580220151839989,
        "support": 941.0
      }
    },
    "n_valid_examples": 941,
    "n_total_examples": 1001,
    "emotion_distribution_true": {
      "surprise": 122,
      "fear": 124,
      "joy": 236,
      "anger": 119,
      "sadness": 164,
      "neutral": 176
    },
    "emotion_distribution_pred": {
      "sadness": 443,
      "joy": 294,
      "fear": 15,
      "anger": 110,
      "surprise": 45,
      "neutral": 34
    }
  },
  "qwen2vl_cot": {
    "model_name": "qwen2vl",
    "method": "cot",
    "accuracy": 0.5409504550050556,
    "precision_macro": 0.5181636809217561,
    "recall_macro": 0.49727805323397917,
    "f1_macro": 0.48836160819484925,
    "precision_weighted": 0.5341882142108817,
    "recall_weighted": 0.5409504550050556,
    "f1_weighted": 0.5200751286017685,
    "per_class_metrics": {
      "joy": {
        "precision": 0.7561837455830389,
        "recall": 0.8916666666666667,
        "f1_score": 0.8183556405353728,
        "support": 240,
        "true_count": 240,
        "predicted_count": 283
      },
      "anger": {
        "precision": 0.4700854700854701,
        "recall": 0.4198473282442748,
        "f1_score": 0.4435483870967742,
        "support": 131,
        "true_count": 131,
        "predicted_count": 117
      },
      "fear": {
        "precision": 0.28205128205128205,
        "recall": 0.07913669064748201,
        "f1_score": 0.12359550561797752,
        "support": 139,
        "true_count": 139,
        "predicted_count": 39
      },
      "sadness": {
        "precision": 0.4325581395348837,
        "recall": 0.5602409638554217,
        "f1_score": 0.4881889763779528,
        "support": 166,
        "true_count": 166,
        "predicted_count": 215
      },
      "surprise": {
        "precision": 0.7931034482758621,
        "recall": 0.5073529411764706,
        "f1_score": 0.6188340807174888,
        "support": 136,
        "true_count": 136,
        "predicted_count": 87
      },
      "neutral": {
        "precision": 0.375,
        "recall": 0.5254237288135594,
        "f1_score": 0.4376470588235294,
        "support": 177,
        "true_count": 177,
        "predicted_count": 248
      }
    },
    "confusion_matrix": [
      [
        214,
        3,
        0,
        1,
        3,
        19
      ],
      [
        11,
        55,
        6,
        20,
        4,
        35
      ],
      [
        17,
        23,
        11,
        42,
        10,
        36
      ],
      [
        11,
        7,
        2,
        93,
        0,
        53
      ],
      [
        18,
        12,
        20,
        5,
        69,
        12
      ],
      [
        12,
        17,
        0,
        54,
        1,
        93
      ]
    ],
    "classification_report": {
      "joy": {
        "precision": 0.7561837455830389,
        "recall": 0.8916666666666667,
        "f1-score": 0.8183556405353728,
        "support": 240.0
      },
      "anger": {
        "precision": 0.4700854700854701,
        "recall": 0.4198473282442748,
        "f1-score": 0.4435483870967742,
        "support": 131.0
      },
      "fear": {
        "precision": 0.28205128205128205,
        "recall": 0.07913669064748201,
        "f1-score": 0.12359550561797752,
        "support": 139.0
      },
      "sadness": {
        "precision": 0.4325581395348837,
        "recall": 0.5602409638554217,
        "f1-score": 0.4881889763779528,
        "support": 166.0
      },
      "surprise": {
        "precision": 0.7931034482758621,
        "recall": 0.5073529411764706,
        "f1-score": 0.6188340807174888,
        "support": 136.0
      },
      "neutral": {
        "precision": 0.375,
        "recall": 0.5254237288135594,
        "f1-score": 0.4376470588235294,
        "support": 177.0
      },
      "accuracy": 0.5409504550050556,
      "macro avg": {
        "precision": 0.5181636809217561,
        "recall": 0.49727805323397917,
        "f1-score": 0.48836160819484925,
        "support": 989.0
      },
      "weighted avg": {
        "precision": 0.5341882142108817,
        "recall": 0.5409504550050556,
        "f1-score": 0.5200751286017685,
        "support": 989.0
      }
    },
    "n_valid_examples": 989,
    "n_total_examples": 1001,
    "emotion_distribution_true": {
      "surprise": 136,
      "fear": 139,
      "joy": 240,