Model,Method,Accuracy,F1-Macro,F1-Weighted,Precision-Macro,Recall-Macro,N_Valid,N_Total
qwen2vl,DIRECT,0.5164718384697131,0.41750411750634214,0.4580220151839989,0.5302070012855907,0.45911579022799803,941,1001
qwen2vl,COT,0.5409504550050556,0.48836160819484925,0.5200751286017685,0.5181636809217561,0.49727805323397917,989,1001
qwen2vl,COR,0.5444555444555444,0.48385605353082517,0.5067577086976248,0.5472107465589066,0.4966391750912456,1001,1001
