{
  "blip": {
    "bleu_avg": 0.06138766425020549,
    "rouge_avg": 0.2880741162557564,
    "meteor_avg": 0.2608604653531146
  },
  "blip2": {
    "bleu_avg": 0.065450499310948,
    "rouge_avg": 0.3254720902382289,
    "meteor_avg": 0.25974982897914595
  },
  "llava": {
    "bleu_avg": 0.02461596938599842,
    "rouge_avg": 0.23271649591038215,
    "meteor_avg": 0.2919449994135494
  },
  "llava_next": {
    "bleu_avg": 0.015724962723109373,
    "rouge_avg": 0.17507939859671204,
    "meteor_avg": 0.2563654868306467
  },
  "paligemma": {
    "bleu_avg": 0.09749346820217661,
    "rouge_avg": 0.38570371158443356,
    "meteor_avg": 0.36356250736589096
  },
  "qwen": {
    "bleu_avg": 0.015267020980469271,
    "rouge_avg": 0.18013151487140397,
    "meteor_avg": 0.26574360651617085
  },
  "git": {
    "bleu_avg": 0.037716298913005666,
    "rouge_avg": 0.25312615087261636,
    "meteor_avg": 0.17313957082107628
  },
  "gitgpt2": {
    "bleu_avg": 0.07197441848862812,
    "rouge_avg": 0.3201355547984484,
    "meteor_avg": 0.27826604902387087
  }
}