{
  "qwen_cor": {
    "avg_processing_time": 3.751131747961044,
    "std_processing_time": 0.5690585685716683,
    "avg_input_tokens": 1193.0,
    "avg_output_tokens": 947.625,
    "avg_total_tokens": 2140.625,
    "avg_num_steps": 4.0,
    "avg_tokens_per_step": 535.15625,
    "avg_time_per_token": 0.0017459623934862258,
    "avg_efficiency_ratio": 256.17954475806266,
    "total_calls": 200,
    "total_processing_time": 750.2263495922089,
    "total_tokens": 428125,
    "cost_per_1k_tokens": 0.10419810411002901
  },
  "qwen_cor_ablation_normal": {
    "avg_processing_time": 3.7529870998859405,
    "std_processing_time": 0.582308648159297,
    "avg_input_tokens": 1193.0,
    "avg_output_tokens": 947.625,
    "avg_total_tokens": 2140.625,
    "avg_num_steps": 4.0,
    "avg_tokens_per_step": 535.15625,
    "avg_time_per_token": 0.0017466386329434453,
    "avg_efficiency_ratio": 256.2506404856821,
    "total_calls": 200,
    "total_processing_time": 750.5974199771881,
    "total_tokens": 428125,
    "cost_per_1k_tokens": 0.10424964166349834
  },
  "qwen_cor_ablation_without_body": {
    "avg_processing_time": 3.158783653974533,
    "std_processing_time": 0.5602975569328691,
    "avg_input_tokens": 935.0,
    "avg_output_tokens": 790.335,
    "avg_total_tokens": 1725.335,
    "avg_num_steps": 3.0,
    "avg_tokens_per_step": 575.1116666666667,
    "avg_time_per_token": 0.0018216286790004883,
    "avg_efficiency_ratio": 254.78879887664905,
    "total_calls": 200,
    "total_processing_time": 631.7567307949066,
    "total_tokens": 345067,
    "cost_per_1k_tokens": 0.08774399038818148
  },
  "qwen_cor_ablation_without_context": {
    "avg_processing_time": 1.3725541758537292,
    "std_processing_time": 0.31228202296422053,
    "avg_input_tokens": 941.0,
    "avg_output_tokens": 593.005,
    "avg_total_tokens": 1534.005,
    "avg_num_steps": 3.0,
    "avg_tokens_per_step": 511.335,
    "avg_time_per_token": 0.0008907166220773363,
    "avg_efficiency_ratio": 446.46181581451776,
    "total_calls": 200,
    "total_processing_time": 274.51083517074585,
    "total_tokens": 306801,
    "cost_per_1k_tokens": 0.038126504884825815
  },
  "qwen_cor_ablation_without_face": {
    "avg_processing_time": 3.378159295320511,
    "std_processing_time": 0.5109343921766112,
    "avg_input_tokens": 908.0,
    "avg_output_tokens": 787.69,
    "avg_total_tokens": 1695.69,
    "avg_num_steps": 3.0,
    "avg_tokens_per_step": 565.23,
    "avg_time_per_token": 0.001984399026882018,
    "avg_efficiency_ratio": 236.20207313948427,
    "total_calls": 200,
    "total_processing_time": 675.6318590641022,
    "total_tokens": 339138,
    "cost_per_1k_tokens": 0.09383775820334753
  }
}